{"images": {"indoor_1.jpg": {"road": 45.442708333333336, "sidewalk": 0.5133101851851852, "building": 43.625, "wall": 0.0, "fence": 0.0, "pole": 0.0, "traffic light": 0.0, "traffic sign": 0.0, "vegetation": 0.0, "terrain": 0.0, "sky": 0.0, "person": 10.418981481481481, "rider": 0.0, "car": 0.0, "truck": 0.0, "bus": 0.0, "train": 0.0, "motocycle": 0.0, "bicycle": 0.0}, "test3.png": {"road": 34.62533950805664, "sidewalk": 6.323671340942383, "building": 24.662065505981445, "wall": 0.0, "fence": 0.757598876953125, "pole": 2.599048614501953, "traffic light": 0.5053997039794922, "traffic sign": 0.19745826721191406, "vegetation": 9.253644943237305, "terrain": 0.00019073486328125, "sky": 0.10523796081542969, "person": 3.9367198944091797, "rider": 0.0, "car": 11.434412002563477, "truck": 0.0, "bus": 0.4353523254394531, "train": 0.0, "motocycle": 4.14881706237793, "bicycle": 1.0150432586669922}}}