{"images": {"outdoors_009_1280.jpg": {"road": 24.101943969726562, "sidewalk": 0.7898712158203125, "building": 0.0, "wall": 0.0, "fence": 0.0, "pole": 0.0, "traffic light": 0.0, "traffic sign": 0.0, "vegetation": 75.10604858398438, "terrain": 0.0, "sky": 0.0, "person": 0.0, "rider": 0.0, "car": 0.0006103515625, "truck": 0.0, "bus": 0.00152587890625, "train": 0.0, "motocycle": 0.0, "bicycle": 0.0}}}